{"name":"cc2eb2b2-623e-477e-a8ba-fad487432d84","id":"/providers/Microsoft.Flow/flows/cc2eb2b2-623e-477e-a8ba-fad487432d84","type":"Microsoft.Flow/flows","properties":{"apiId":"/providers/Microsoft.PowerApps/apis/shared_logicflows","displayName":"TestRequestResponse","definition":{"metadata":{"workflowEntityId":null,"creator":{"id":"37fe3728-a660-4b25-9f7b-dae47ceec4fe","type":"User","tenantId":"df563d5b-019f-4935-88a5-be2eba368f13"},"provisioningMethod":"FromDefinition","failureAlertSubscription":true,"clientLastModifiedTime":"2019-01-02T02:14:36.3809061Z"},"$schema":"https://schema.management.azure.com/providers/Microsoft.Logic/schemas/2016-06-01/workflowdefinition.json#","contentVersion":"1.0.0.0","parameters":{"$authentication":{"defaultValue":{},"type":"SecureObject"}},"triggers":{"manual":{"type":"Request","kind":"Http","inputs":{"schema":{"type":"object","properties":{"pageName":{"type":"string"},"userName":{"type":"string"},"value":{"type":"string"}}}}}},"actions":{"Response":{"runAfter":{},"type":"Response","kind":"Http","inputs":{"statusCode":200,"body":{"Reply":"Received @{triggerBody()?['id']}"},"schema":{"type":"object","properties":{"reply":{"type":"string"}}}}}},"outputs":{},"description":"This is a dummy request response that will return when called"},"connectionReferences":{},"flowFailureAlertSubscribed":false}}